SET AA1AA 'Kallon röntgen, radiologinen lausunto'
SET AA1VA 'Kallon röntgen, lääkärin lausunto potilaskertomuksessa'
SET AA3AA 'Kasvonluiden röntgen, radiologinen lausunto'
SET AA3VA 'Kasvonluiden röntgen, lääkärin lausunto potilaskertomuksessa'
SET CA1AA 'Silmäkuopan ja näköhermon luukanavan natiiviröntgen'
SET DM1AA 'Nenän sivuonteloiden röntgen, radiologinen lausunto'
SET DM1AD 'Nenän sivuonteloiden TT'
SET DM1QA 'Nenän sivuonteloiden natiiviröntgen, yksi suunta (esim. kuutamokuva)'
SET DM1VA 'Nenän sivuonteloiden röntgen, lääkärin lausunto potilaskertomuksessa'
SET E 'Hampaat, leuka, suu ja nielu'
SET EA 'Huulten toimenpiteet'
SET EA_ 'Muut huulien toimenpiteet'
SET EAA 'Huulen aukaisu- ja poistotoimenpiteet'
SET EAA00 'Huulen aukaisu, insisio'
SET EAA10 'Huulimuutoksen poisto, eksisio'
SET EAA20 'Ylähuulen poisto osittain'
SET EAA25 'Ylähuulen poisto kokonaan'
SET EAA30 'Alahuulen poisto osittain'
SET EAA35 'Alahuulen poisto kokonaan'
SET EAA99 'Muu huulien poistoleikkaus'
SET EAB 'Huulien korjaustoimenpiteet'
SET EAB00 'Huulen ompelu'
SET EAB10 'Huulijänteen leikkaus'
SET EAB20 'Huulen korjaaminen tai muovaus'
SET EAB30 'Huulihalkion korjaaminen tai muovaus'
SET EAB99 'Muu huulen korjausleikkaus'
SET EAW 'Muut huulten toimenpiteet'
SET EAW99 'Muu huulien leikkaus'
SET EB 'Hampaiston toimenpiteet'
SET EB_ 'Hampaiston diagnostinen radiologia'
SET EBA 'Hampaiden poistot'
SET EBA00 'Hampaan poisto'
SET EBA05 'Vaativa hampaan poisto ilman leikkausta'
SET EBA10 'Hampaan poistoleikkaus'
SET EBA12 'Vaativa hampaan poistoleikkaus'
SET EBA15 'Hampaiston saneeraus'
SET EBA16 'Hampaiston saneeraus, vaativa'
SET EBA17 'Hampaiston saneeraus, erittäin vaativa'
SET EBA20 'Hampaan poisto osittain, hemisektio'
SET EBA30 'Hampaan juuren poisto'
SET EBA40 'Hampaan juurenpään poistoleikkaus'
SET EBA45 'Monijuurisen hampaan juurenpään poistoleikkaus'
SET EBA99 'Muu hampaan poistoleikkaus'
SET EBB 'Hampaiden kiruginen korjaaminen tai korvaaminen'
SET EBB00 'Hampaan kiinnitys sijoiltaanmenon vuoksi'
SET EBB05 'Hammasmurtuman hoito'
SET EBB10 'Hampaan keinojuuren (implantin) asettaminen'
SET EBB11 'Toisen keinojuuren (implantin) ja sitä seuraavien keinojuurten (implanttien) asettaminen samanaikaisesti'
SET EBB15 'Hampaan keinojuurijatkeen paljastaminen'
SET EBB20 'Hampaan siirto'
SET EBB40 'Juurikanavaperforaation ja/tai resorption kirurginen korjaus juuren ulkopinnalta'
SET EBB50 'Juurikanavaperforaation ja/tai resorption kirurginen korjaus juuren ulkopinnalta, vaativa'
SET EBB99 'Muu hampaan korjausleikkaus'
SET EBU 'Hampaisiin kiinnitettyjen laitteiden poistot'
SET EBU00 'Hampaisiin kiinnitetyn kiinnityslaitteen poisto'
SET EBW 'Muut hammastoimenpiteet'
SET EBW99 'Muu hammasleikkaus'
SET EB1AA 'Hammasröntgen, radiologinen lausunto'
SET EB1AD 'Hampaiston ja leukojen TT (yksi leukapuolisko)'
SET EB1AI 'Hampaiston ja leukojen kartiokeila-TT (yksi leukapuolisko)'
SET EB1BA 'Hammasröntgen usealle filmille tai muu intraoraaliröntgen'
SET EB1BD 'Hampaiston ja leukojen TT, laaja (kaksi leukapuoliskoa)'
SET EB1BI 'Hampaiston ja leukojen kartiokeilatutkimus 1-2 leukapuoliskoa'
SET EB1CA 'Hammasröntgen, lisäkuva, radiologinen lausunto'
SET EB1CD 'Hampaiston ja leukojen TT, erittäin laaja (3-4 leukapuoliskoa)'
SET EB1CI 'Hampaiston ja leukojen kartiokeilatutkimus 3-4 leukapuoliskoa'
SET EB1DI 'Hampaiden kartiokeilatutkimus, yksi tai useampi hammas'
SET EB1HA 'Hampaiston ja leuan panoraamatomografia, radiologinen lausunto'
SET EB1JA 'Hampaiston ja leuan kaksoispanoraamatomografia, radiologinen lausunto'
SET EB1MA 'Kefalometria, kallon mittaus röntgenillä, radiologinen lausunto'
SET EB1SA 'Hammasröntgen, Bite-Wing-kuva hampaiston sivualueelta, radiologinen lausunto'
SET EB1S1 'Hampaiden valokuvaus'
SET EB1TW 'Hampaiston 3-ulotteinen mallinnus'
SET EB1VA 'Hammasröntgen, lääkärin lausunto potilaskertomuksessa'
SET EB1WA 'Hampaiston tai leuan osittainen (rajoitetun alueen) panoraamatomografia, lääkärin lausunto potilaskertomuksessa'
SET EB2VA 'Hammasröntgen, lisäkuva, lääkärin lausunto potilaskertomuksessa'
SET EB3VA 'Kefalometria, kallon mittaus röntgenillä, lääkärin lausunto potilaskertomuksessa'
SET EB4VA 'Hammasröntgen, Bite-Wing-kuva hampaiston sivualueelta, lääkärin lausunto potilaskertomuksessa'
SET EC 'Ikenien ja hammasharjanteen toimenpiteet'
SET EC_ 'Muu ienten tai ienharjanteen toimenpide'
SET ECA 'Ikenen ja hammasharjanteen aukaisu, koepalan otto tai poistoleikkaukset'
SET ECA00 'Hampaan paljastus'
SET ECA10 'Ikenen märkäpesäkkeen aukaisu'
SET ECA20 'Koepalan otto ikenestä'
SET ECA30 'Ienmuutoksen poisto'
SET ECA35 'Vaativa ienmuutoksen poisto'
SET ECA40 'Ikenen ja hammasharjanteen märkäpesäkkeen leikkaus'
SET ECA50 'Parodontologinen läppäleikkaus'
SET ECA55 'Vaativa parodontologinen läppäleikkaus'
SET ECA60 'Vierasesineen poisto ikenestä tai hammasharjanteesta'
SET ECA70 'Uudiskiinnityskirurginen leikkaus tai iensiirreleikkaus'
SET ECA99 'Muu ikenen tai hammasharjanteen poistoleikkaus'
SET ECB 'Ikenen ja hammasharjanteen korjaavat leikkaukset'
SET ECB00 'Ikenen ompelu'
SET ECB05 'Ikenen limakalvomuovaus'
SET ECB10 'Ikenen korjausleikkaus'
SET ECB15 'Hammasharjanteen alueen ja poskiontelon tai nenän välisen avanteen sulkeminen'
SET ECB17 'Ienhalkion korjaaminen'
SET ECB20 'Hammasharjanteen muovaus'
SET ECB21 'Hammasharjanteen pidentäminen (distraktiohoito)'
SET ECB30 'Hammasharjanteen muovaus iho- tai limakalvosiirrettä käyttäen (sulkusplastia)'
SET ECB40 'Hammasharjanteen muovaus luuta tai vierasperäistä siirrettä käyttäen'
SET ECB50 'Hammasharjanteen murtuman leikkaushoito'
SET ECB60 'Hammasharjanteen uudelleen muodostaminen, rekonstruktio'
SET ECB65 'Hammasharjanteen katkaisu ja venytys distraktiomenetelmällä'
SET ECB99 'Muu ikenen ja hammasharjanteen korjausleikkaus'
SET ECU 'Istutteiden tai laitteiden poisto hammasharjanteesta'
SET ECU00 'Hammasharjanteeseen kiinnitetty istutteen tai kiinnityslaitteen poisto'
SET ECU01 'Hampaan keinojuuren poisto, tavanomainen'
SET ECU02 'Hampaan keinojuuren poisto, vaativa'
SET ECU03 'Hammasharjanteeseen kiinnitetyn kiinnityslaitteen poisto, tavanomainen'
SET ECU04 'Hammasharjanteeseen kiinnitetyn kiinnityslaitteen poisto, vaativa'
SET ECU05 'Mini-implantin tai -ruuvin poisto, suppea'
SET ECU06 'Mini-implantin tai -ruuvin poisto'
SET ECW 'Muut ikenen ja hammasharjanteen leikkaukset'
SET ECW05 'Mini-implantin tai -ruuvin asettaminen, suppea'
SET ECW06 'Mini-implantin tai -ruuvin asettaminen'
SET ECW99 'Muu ikenien ja hammasharjanteen leikkaus'
SET EC1VA 'Hampaiston ja leuan panoraamatomografia, lääkärin lausunto potilaskertomuksessa'
SET EC2VA 'Hampaiston ja leuan kaksoispanoraamatomografia, lääkärin lausunto potilaskertomuksessa'
SET ED 'Alaleuan toimenpiteet'
SET ED_ 'Alaleuan diagnostinen radiologia'
SET EDA 'Alaleuan aukaisu tai koepalan otto'
SET EDA00 'Alaleukaluun märkäkeräymän aukaisu'
SET EDA10 'Koepalan otto alaleukaluusta'
SET EDB 'Alaleuan poisto osittain tai kokonaan'
SET EDB00 'Alaleukaluun osittainen poisto'
SET EDB10 'Alaleuan poisto kokonaan (mandibulektomia)'
SET EDB20 'Alaleukapuoliskon poisto'
SET EDB30 'Alaleukaluun lihashaarakkeen poistoleikkaus (koronoidektomia)'
SET EDB99 'Muu alaleukaluun poistoleikkaus'
SET EDC 'Alaleuan korjausleikkaukset'
SET EDC00 'Alaleukaluun nivelhaarakkeen katkaisu'
SET EDC05 'Alaleukaluun segmentaalinen poisto'
SET EDC10 'Alaleukaluun nousevan haaran sagittaalinen katkaisu'
SET EDC11 'Alaleukaluun pidentäminen eteenpäin distraktiomenetelmällä'
SET EDC15 'Alaleukaluun nousevan haaran vertikaalinen katkaisu'
SET EDC16 'Alaleukaluun pidentäminen alaspäin distraktiomenetelmällä'
SET EDC20 'Alaleukaluun nousevan haaran muu katkaisu'
SET EDC25 'Alaleukaluun runko-osan katkaisu'
SET EDC30 'Alaleukaluun kärjen muovausleikkaus'
SET EDC31 'Kielilihasjänteen siirto alaleuan kärjen osteotomialla (box-leikkaus)'
SET EDC32 'Alaleukaluun nivelhaarakkeen murtuman suljettu paikalleen asettaminen ja leukojen yhteen kiinnitys'
SET EDC34 'Alaleukaluun runko-osan murtuman suljettu paikalleen asettaminen ja leukojen yhteen kiinnitys'
SET EDC35 'Alaleukamurtuman suljettu korjaaminen ja kiinnitys'
SET EDC36 'Alaleukaluun nivelhaarakkeen murtuman avoin paikalleen asettaminen ja liittäminen'
SET EDC38 'Alaleukaluun runko-osan murtuman avoin paikalleen asettaminen ja kiinnittäminen'
SET EDC40 'Alaleukamurtuman avoin liittäminen'
SET EDC42 'Alaleukaluun korjaaminen istutteella'
SET EDC45 'Alaleukaluun korjaaminen luusiirteellä'
SET EDC50 'Alaleukaluun katkaisu ja horisontaalinen venytys distraktiomenetelmällä'
SET EDC55 'Alaleukaluun katkaisu ja vertikaalinen venytys distraktiomenetelmällä'
SET EDC99 'Muu alaleukaluun korjausleikkaus'
SET EDU 'Istutteen tai kiinnityslaitteen poisto alaleuasta'
SET EDU00 'Alaleuan istutteen tai kiinnityslaitteen poisto'
SET EDW 'Muut alaleuan leikkaukset'
SET EDW99 'Muu alaleuan leikkaus'
SET ED1AA 'Alaleuan röntgen, radiologinen lausunto'
SET ED1VA 'Alaleuan röntgen, lääkärin lausunto potilaskertomuksessa'
SET ED_2 'Muu alaleuan toimenpide'
SET EE 'Yläleuan toimenpiteet'
SET EE_ 'Yläleuan diagnostinen radiologia'
SET EEA 'Yläleuan aukaisu tai koepalan otto'
SET EEA00 'Yläleukaluun märkäkeräymän aukaisu'
SET EEA10 'Koepalan otto yläleukaluusta'
SET EEB 'Yläleuan poisto osoittain tai kokonaan'
SET EEB00 'Yläleukaluun poisto osittain'
SET EEB10 'Yläleukapuoliskon poisto'
SET EEB20 'Yläleuan poisto kokonaan'
SET EEB99 'Muu yläleukaluun poistoleikkaus'
SET EEC 'Yläleuan korjausleikkaukset'
SET EEC00 'Yläleukaluun segmentaalinen katkaisu'
SET EEC01 'Yläleukaluun eteensiirto distraktiomenetelmällä'
SET EEC02 'Yläleukaluun nopea levittäminen distraktiomenetelmällä'
SET EEC05 'Yläleukaluun katkaisu, Le Fort I'
SET EEC10 'Yläleukaluun katkaisu, Le Fort II'
SET EEC15 'Yläleukaluun ja kasvojen luiden katkaisu ja muovaus, Le Fort III'
SET EEC16 'Muu kasvojen ja kallon venytyshoito'
SET EEC20 'Yläleukamurtuman suljettu korjaaminen ja leukojen yhteen kiinnitys'
SET EEC25 'Yläleukamurtuman avoin paikalleen asettaminen ja kiinnittäminen'
SET EEC30 'Poskiluumurtuman suljettu paikalleen asettaminen'
SET EEC35 'Poskiluu-murtuman avoin paikalleen asettaminen ja kiinnittäminen'
SET EEC40 'Yläleuan ulkoisen kiinnityksen tai vedon asettaminen'
SET EEC42 'Yläleukaluun korjaaminen vierasta materiaalia käyttäen'
SET EEC45 'Yläleukaluun korjaaminen luusiirteellä'
SET EEC50 'Yläleukaluun katkaisu ja venyttäminen'
SET EEC99 'Muu yläleukaluun korjausleikkaus'
SET EEU00 'Yläleuan istutteen tai kiinnityslaitteen poisto'
SET EEW 'Muut yläleuan leikkaukset'
SET EEW99 'Muu yläleukaluun leikkaus'
SET EE1AA 'Yläleuan tai suulaen röntgen, radiologinen lausunto'
SET EE1HA 'Leuan tomografia tai implanttikuvaus (yksi leukapuolisko), radiologinen lausunto'
SET EE1JA 'Leuan tomografia tai implanttikuvaus (kaksi leukapuoliskoa), radiologinen lausunto'
SET EE1KA 'Leuan tomografia tai implanttikuvaus (3-4 leukapuoliskoa), radiologinen lausunto'
SET EE1VA 'Yläleuan tai suulaen röntgen, lääkärin lausunto potilaskertomuksessa'
SET EE_2 'Muut yläleuan toimenpiteet'
SET EE2VA 'Leuan tomografia tai implanttikuvaus (yksi leukapuolisko), lääkärin lausunto potilaskertomuksessa'
SET EE3VA 'Leuan tomografia tai implanttikuvaus (kaksi leukapuoliskoa), lääkärin lausunto potilaskertomuksessa'
SET EE4VA 'Leuan tomografia tai implanttikuvaus (3-4 leukapuoliskoa), lääkärin lausunto potilaskertomuksessa'
SET EF 'Muut leukojen toimenpiteet'
SET EFA 'Leukaluiden muutosten poistoleikkaukset'
SET EFA10 'Kasvaimen poisto leuoista'
SET EFA20 'Leukaluun kuoriosan poisto'
SET EFA40 'Leukakystan aukaisu'
SET EFA50 'Leukakystan poisto'
SET EFA99 'Muu leukaluiden poistoleikkaus'
SET EFB 'Leukojen korjausleikkaukset'
SET EFB10 'Leukaluun muovausleikkaus'
SET EFB20 'Kasvoluiden monimurtuman avoin korjaaminen ja kiinnitys'
SET EFB30 'Kasvoluumurtuman ulkoinen kiinnitys'
SET EFB40 'Luun kiinnitysmateriaalin poisto leuoista'
SET EFB45 'Ulkoisen kiinnityslaitteen poisto leuoista'
SET EFB50 'Hampaanoikomistoimenpide leuan kehityshäiriön leikkauksen yhteydessä'
SET EFB60 'Leuka-/kasvoluiden muovaus käyttäen luusiirrettä tai vierasta ainetta'
SET EFB99 'Muu leukojen korjausleikkaus'
SET EFU 'Implanttien ja ulkoisten kiinnityslaitteiden poisto leuoista'
SET EFU00 'Ylaleuan istutteen tai kiinnityslaitteen poisto'
SET EFW 'Muut leukojen leikkaukset'
SET EFW99 'Muu leukojen leikkaus'
SET EG 'Leukanivelien toimenpiteet'
SET EG_ 'Leukanivelien diagnostinen radiologia'
SET EGA 'Leukanivelen tähystystoimenpiteet'
SET EGA00 'Leukanivelen tähystys'
SET EGA05 'Leukanivelen huuhtelu'
SET EGA10 'Leukanivelen aukaisu'
SET EGA20 'Koepalan otto leukanivelestä'
SET EGB 'Leukanivelen poistoleikkaukset'
SET EGB00 'Alaleuan nivelnastan poisto'
SET EGB10 'Leukanivelen rustolevyn poisto'
SET EGB20 'Leukanivelen nivelkalvon poisto (synovektomia)'
SET EGB99 'Muu leukanivelen poistoleikkaus'
SET EGC 'Leukanivelen korjaavat leikkaukset'
SET EGC00 'Leukanivelen sijoiltaanmenon avoin korjaus'
SET EGC10 'Leukanivelen muovausleikkaus'
SET EGC20 'Leukanivelen muovausleikkaus luuta tai muuta ainetta käyttäen'
SET EGC30 'Leukanivelen proteesileikkaus'
SET EGC99 'Muu leukanivelen korjausleikkaus'
SET EGU 'Istutteen tai laitteen poisto leukanivelestä'
SET EGU00 'Leukanivelen istutteiden tai kiinnityslaitteiden poisto'
SET EGW 'Muut leukanivelien leikkaukset'
SET EGW99 'Muu leukanivelen leikkaus'
SET EG1AA 'Leukanivelten röntgen, radiologinen lausunto'
SET EG1AI 'Leukanivelten kartiokeilatutkimus'
SET EG1BF 'Leukanivelten magneettitutkimus (alle 1,5 T)'
SET EG1BG 'Leukanivelten magneettitutkimus (1,5 T)'
SET EG1BM 'Leukanivelten magneettitutkimus (yli 1,5 T)'
SET EG1CB 'Leukanivelen varjoainetutkimus (artrografia)'
SET EG1CF 'Leukanivelten laaja magneettitutkimus (alle 1,5 T)'
SET EG1CG 'Leukanivelten laaja magneettitutkimus (1,5 T)'
SET EG1CM 'Leukanivelten laaja magneettitutkimus (yli 1,5 T)'
SET EG1DF 'Leukanivelten erittäin laaja magneettitutkimus (alle 1,5 T)'
SET EG1DG 'Leukanivelten erittäin laaja magneettitutkimus (1,5 T)'
SET EG1DM 'Leukanivelten erittäin laaja magneettitutkimus (yli 1,5 T)'
SET EG1VA 'Leukanivelten röntgen, lääkärin lausunto potilaskertomuksessa'
SET EG_2 'Muut leukanivelien toimenpiteet'
SET EH 'Suulaki'
SET EH_ 'Suulaen diagnostinen radiologia'
SET EHA 'Suulaen aukaisu tai koepalan otto'
SET EHA00 'Suulaen aukaisu'
SET EHA10 'Koepalan otto suulaesta'
SET EHB 'Suulaen poistoleikkaukset'
SET EHB00 'Suulaen paikallisen kasvaimen tai kudosmuutoksen poisto'
SET EHB99 'Muu suulaen poistoleikkaus'
SET EHC 'Suulaen korjausleikkaukset'
SET EHC00 'Suulaen haavan ompelu'
SET EHC10 'Suulakiavanteen sulkeminen suun ja nenä- tai poskiontelon väliltä'
SET EHC20 'Suulaen arpikudoksen korjaus'
SET EHC30 'Suulaen uudelleen muodostaminen'
SET EHC31 'Suulaen etuosan muodostaminen'
SET EHC32 'Suulaen takaosan muodostaminen'
SET EHC40 'Piilosuulakihalkion suora korjausleikkaus'
SET EHC50 'Suulakihalkion korjaaminen farynxkielekkeellä'
SET EHC60 'Samanaikainen huuli-suulakihalkion korjaus'
SET EHC99 'Muu suulaen korjausleikkaus'
SET EHU 'Suulaen istutteen tai ulkoisten kiinnityslaitteiden poistoleikkaukset'
SET EHU00 'Suulaen istutteen tai kiinnityslaitteen poistaminen'
SET EHW 'Muut suulaen leikkaukset'
SET EHW99 'Muu suulaen leikkaus'
SET EH_2 'Muut kitalaen toimenpiteet'
SET EJ 'Kielen ja suunpohjan toimenpiteet'
SET EJ_ 'Muu kielen ja suunpohjan toimenpide'
SET EJA 'Kielen ja suunpohjan koepalan otto tai aukaisu'
SET EJA00 'Kielen tai suunpohjan muutoksen aukaisu'
SET EJA10 'Koepalan otto kielestä tai suunpohjasta'
SET EJA20 'Vierasesineen poisto kielestä tai suunpohjasta'
SET EJB 'Kielen ja suunpohjan poistotoimenpiteet'
SET EJB00 'Ranulan poisto'
SET EJB10 'Kasvaimen tai muun muutoksen poisto kielen kärjestä tai keskiosasta'
SET EJB20 'Kasvaimen tai muun muutoksen poisto kielentyvestä'
SET EJB30 'Kasvaimen tai muun muutoksen poisto suupohjasta'
SET EJB40 'Kielen puoliskon poisto'
SET EJB50 'Kielen poisto kokonaan'
SET EJB60 'Suunpohjan kasvaimen tai muun muutoksen laaja poistoleikkaus'
SET EJB70 'Laaja suunpohjan ja kielen osapoisto'
SET EJB99 'Muu kielen ja suunpohjan kasvaimeen tai muutokseen kohdistuva poistoleikkaus'
SET EJC 'Kielen ja suunpohjan korjausleikkaukset'
SET EJC00 'Kielen tai suunpohjan haavan ompelu'
SET EJC20 'Kielijänteen leikkaus'
SET EJC30 'Kielen korjaus- tai muovausleikkaus'
SET EJC40 'Kielen kiinnitys'
SET EJC99 'Muu kielen tai suunpohjan korjausleikkaus'
SET EJW 'Muut kielen ja suunpohjan leikkaukset'
SET EJW99 'Muu kielen tai suunpohjan leikkaus'
SET EJ1S1 'Kielen valokuvaus'
SET EJ2S1 'Suun limakalvojen valokuvaus'
SET EK 'Posken toimenpiteet'
SET EKA 'Posken aukaisu ja koepalan otto'
SET EKA00 'Posken muutoksen aukaisu'
SET EKA10 'Koepalan otto poskesta'
SET EKB 'Posken poisto osittain tai kokonaan'
SET EKB00 'Posken paikallisen kasvaimen tai muun muutoksen poisto'
SET EKB99 'Muu posken poistoleikkaus'
SET EKC 'Posken korjaustoimenpiteet'
SET EKC00 'Posken ompelu'
SET EKC10 'Posken vierasesineen poisto'
SET EKC20 'Posken korjaus- tai muovausleikkaus'
SET EKC30 'Posken vaativa korjaaminen'
SET EKC99 'Muu posken korjausleikkaus'
SET EKW 'Muut posken leikkaukset'
SET EKW99 'Muu posken leikkaus'
SET EL 'Sylkirauhasten toimenpiteet'
SET EL_ 'Sylkirauhasten diagnostinen radiologia'
SET ELA 'Suuren sylkirauhasen koepalan otto tai aukaisu'
SET ELA00 'Sylkirauhasen muutoksen aukaisu'
SET ELA10 'Sylkirauhastiehyeen aukaisu'
SET ELA20 'Sylkikiven poisto'
SET ELA25 'Sylkikiven poisto ihon kautta'
SET ELA30 'Koepalan otto suuresta sylkirauhasesta'
SET ELA40 'Stentin asetus sylkitiehyeeseen'
SET ELB 'Sylkirauhasen tutkimus- tai poistoleikkaukset'
SET ELB00 'Sylkirauhaskasvaimen tutkimus- tai poistoleikkaus'
SET ELB10 'Pienten sylkirauhasten poisto'
SET ELB20 'Kielenalussylkirauhasen poisto'
SET ELB30 'Leuanalussylkirauhasen poisto'
SET ELB40 'Korvasylkirauhasen poisto osittain'
SET ELB50 'Korvasylkirauhasen poisto kokonaan'
SET ELB60 'Radikaali korvasylkirauhasen poisto kasvohermo uhraten'
SET ELB70 'Parafangyeaaliseen tilaan kasvavan korvasylkirauhaskasvaimen tai muun muutoksen poisto'
SET ELB99 'Muu sylkirauhasten poistoleikkaus'
SET ELC 'Sylkirauhasen korjausleikkaukset'
SET ELC00 'Sylkirauhasen ompelu'
SET ELC30 'Sylkirauhastiehyen sitominen'
SET ELC40 'Sylkirauhastiehyen korjaaminen'
SET ELC50 'Sylkirauhastiehyen laskuaukon siirto'
SET ELC60 'Sylkirauhasavanteen tukkiminen'
SET ELC99 'Muu sylkirauhasen korjausleikkaus'
SET ELW 'Muut sylkirauhasten leikkaukset'
SET ELW99 'Muu sylkirauhasten leikkaus'
SET EL1CB 'Korvasylkirauhastiehyen varjoainetutkimus (sialografia)'
SET EL_2 'Muut sylkirauhasten toimenpiteet'
SET EL2CB 'Leuanalussylkirauhastiehyen varjoainetutkimus (sialografia)'
SET EL3AA 'Sylkirauhasen röntgen, radiologinen lausunto'
SET EL3AE 'Sylkirauhasen UÄ'
SET EL3AT 'Sylkirauhasen kudosnäytteen otto UÄ-ohjauksessa'
SET EL3VA 'Sylkirauhasen röntgen, lääkärin lausunto potilaskertomuksessa'
SET EL4AT 'Sylkirauhasen solunäytteen otto UÄ-ohjauksessa'
SET EMA10 'Koepalan otto nielurisasta'
SET ENA10 'Koepalan otto nielusta'
SET EN1AD 'Suun ja kaulan pehmytosien TT'
SET EN1BD 'Suun ja kaulan pehmytosien laaja TT'
SET EN1CD 'Suun ja kaulan pehmytosien erittäin laaja TT'
SET EN1XD 'Suun ja kaulan pehmytosien muu TT'
SET EW 'Hammas-, leuka-, suu- ja nieluleikkausten haavakomplikaatioleikkaukset'
SET EWA00 'Auenneen tai tulehtuneen kaulan, kurkunpään, leuan, suun tai nielun leikkaushaavan tarkistaminen'
SET EWD00 'Uusintaleikkaus leuka-, suu-, tai nieluleikkauksen haavan vuodon vuoksi'
SET EWE00 'Uusintaleikkaus leuan, suun tai nielun leikkaushaavan vuodon vuoksi'
SET EWW99 'Muu uusintaleikkaus leuan, suun tai nielun leikkaushaavan komplikaation vuoksi'
SET NA1AA 'Kaularangan natiiviröntgen'
SET NK6HD 'Luuston mineraalipitoisuuden mittaus-TT'
SET NK6MA 'Luustoikä , natiiviröntgen'
SET NK6PA 'Luun tiheysmittausröntgen, DXA (yksi kohde), radiologinen lausunto'
SET NK6QA 'Luun tiheysmittaus, laaja natiiviröntgen'
SET QA1S1 'Pään alueen valokuvaus'
SET QA7S1 'Leuan tai huulten ihon valokuvaus'
SET QA9S1 'Pään tai kaulan alueen ihon tai ihonalaiskudoksen tarkemmin määrittämätön valokuvaus'
SET QX2CB 'Fistelin varjoainetutkimus (fistulografia)'
SET R 'Kuntoutuspalveluluokitus'
SET R5 'Muut kuntoutuspalvelut'
SET R51 'Apuvälinepalvelut'
SET R5130 'Apuvälineen korjaus ja huolto'
SET R5140 'Apuvälineen käytön seuranta'
SET S 'Suun ja hampaiston avohoidon toimenpiteet'
SET SA 'Suun ja hampaiston tutkimukset ja terveystarkastukset'
SET SAA 'Tutkimus ja hoitosuunnitelma'
SET SAA01 'Suun tutkimus, suppea'
SET SAA02 'Suun perustutkimus'
SET SAA03 'Suun erikoisalakohtainen tutkimus'
SET SAA04 'Suun erityistutkimus'
SET SAB 'Suun ja hampaiden terveystarkastus'
SET SAB01 'Suuhygienistin tai hammashoitajan tekemä suun ja hampaiden terveystarkastus, suppea'
SET SAB02 'Suuhygienistin tai  hammashoitajan tekemä suun ja hampaiden terveystarkastus'
SET SAB03 'Suun terveystarkastus'
SET SAC 'Suun ja hampaiston hoitoon liittyvä erillinen työsuunnittelu ilman potilaan läsnäoloa'
SET SAC01 'Suun ja hampaiston hoidon erillinen työsuunnittelu, perustaso'
SET SAC02 'Suun ja hampaiston hoidon erillinen työsuunnittelu, vaativa'
SET SAC03 'Suun ja hampaiston hoidon erillinen työsuunnittelu, erittäin vaativa'
SET SAD 'Suun terveydenhuollon hoidon tarpeen arvio'
SET SAD01 'Suun terveydenhuollon hoidon tarpeen arvio, perustaso'
SET SAD02 'Suun terveydenhuollon hoidon tarpeen arvio, laaja'
SET SAE 'Hoitovasteen arviointi'
SET SAE01 'Hoitovasteen arviointi, suppea'
SET SAE02 'Hoitovasteen arviointi, perustaso'
SET SAE03 'Hoitovasteen arviointi, laaja'
SET SAE04 'Hoitovasteen arviointi, erittäin laaja'
SET SB 'Täydentävät tutkimukset'
SET SB_ 'Suun diagnostinen radiologia hoitokäynnin yhteydessä'
SET SBA 'Vastaanotolla suoritettavat testit ja näytteenotot'
SET SBA00 'Mikrobiologiset tutkimukset'
SET SBA05 'Suunesteiden molekyylibiologiset tutkimukset'
SET SBA10 'Syljen eritysnopeuden määritys'
SET SBA20 'Syljen puskurikapasiteetin määritys'
SET SBB 'Muut suun tutkimustoimenpiteet'
SET SBB00 'Suun ja hampaiston valokuvaus'
SET SBB10 'Hampaiston jäljennökset'
SET SBB20 'Hammasröntgenkuva  hoitokäynnin yhteydessä'
SET SC 'Suun terveyden edistäminen'
SET SCA 'Ehkäisevä suun terveydenhoito'
SET SCA01 'Ehkäisevä suun terveydenhoito, suppea'
SET SCA02 'Ehkäisevä suun terveydenhoito'
SET SCA03 'Ehkäisevä suun terveydenhoito, laaja'
SET SCB 'Kotihoidon opetus'
SET SCB01 'Suun kotihoidon opetus, suppea'
SET SCB02 'Suun kotihoidon opetus'
SET SCC 'Fluori tai muu vastaava käsittely'
SET SCC01 'Fluori- tai muu vastaava käsittely, suppea'
SET SCC02 'Suun fluori tai muu vastaava käsittely'
SET SCD 'Plakin ja näkyvän hammaskiven poisto'
SET SCD01 'Plakin ja/tai näkyvän hammaskiven poisto, suppea'
SET SCD02 'Plakin ja/tai näkyvän hammaskiven poisto'
SET SCE 'Hampaiden pinnoitus'
SET SCE00 'Hampaan pinnoitus'
SET SCF 'Suun ehkäisevä hoito ja hoidon tarpeen arvio suuhygienistillä tai hammashoitajalla'
SET SCF01 'Suun ehkäisevä hoito ja hoidon tarpeen arvio suuhygienistillä tai hammashoitajalla, suppea'
SET SCF02 'Suun ehkäisevä hoito ja hoidon tarpeen arvio suuhygienistillä'
SET SCF03 'Suun ehkäisevä hoito ja hoidon tarpeen arvio suuhygienistillä, laaja'
SET SCG 'Hampaan pinnan infiltraatiohoito'
SET SCG01 'Resiini-infiltraatio, vapaa hammaspinta'
SET SCG02 'Resiini-infiltraatio, hampaan välipinta'
SET SCG03 'Muu hammaspinnan käsittely'
SET SCG04 'Muu hammaspinnan käsittely, laaja'
SET SD 'Ikenen ja hampaan kiinnityskudossairauksien hoito'
SET SDA 'Parodontologisen tulehduksen ja ienmuutosten hoito'
SET SDA01 'Parodontologinen hoito, erittäin suppea'
SET SDA02 'Parodontologinen hoito, suppea'
SET SDA03 'Parodontologinen hoito'
SET SDA04 'Parodontologinen hoito, pitkäkestoinen'
SET SDA05 'Parodontologinen hoito, erittäin pitkäkestoinen'
SET SDA10 'Parodontologinen hoito, komplisoitu sairaus'
SET SDA11 'Parodontologinen hoito, komplisoitu sairaus - laaja ja vaativa'
SET SDA12 'Komplisoituneen parodontologisen sairauden hoito'
SET SDA13 'Komplisoituneen parodontologisen sairauden hoito, laaja ja vaativa'
SET SDA14 'Komplisoituneen parodontologisen sairauden hoito, laaja ja erittäin vaativa'
SET SDC 'Parodontologinen kiskoitus'
SET SDC05 'Hampaiden yhteen kytkeminen paikkamateriaalilla'
SET SDC10 'Parodontologinen kiskotus, suppea'
SET SDC15 'Hampaiden yhteen kytkeminen käyttäen upotettua tai pintakiinnitteistä vahviketta'
SET SDC20 'Parodontologinen kiskotus, laaja'
SET SDC30 'Parodontologinen vahvistettu kiskotus, suppea'
SET SDC40 'Parodontologinen vahvistettu kiskotus, laaja'
SET SDC50 'Parodontologinen vahvistettu kiskotus, erittäin laaja'
SET SDD 'Parodontologinen purennan hoito'
SET SDD01 'Parodontologinen purennan hoito, suppea'
SET SDD02 'Parodontologinen purennan hoito'
SET SDD03 'Parodontologinen purennan hoito, laaja'
SET SDD10 'Purennan hoito purentakiskolla parodontologisin indikaatioin'
SET SDE 'Parodontologinen perushoito suuhygienistillä'
SET SDE02 'Parodontologinen hoito suuhygienistillä'
SET SDE03 'Parodontologinen hoito suuhygienistillä, laaja'
SET SDE04 'Parodontologinen hoito suuhygienistillä, erittäin laaja'
SET SDX 'Muu parodontologinen hoito'
SET SDX10 'Parodontologinen purennan hionta'
SET SF 'Paikkaushoidot'
SET SFA 'Paikkaushoito suoralla menetelmällä'
SET SFA00 'Pieni täyte'
SET SFA10 'Yhden pinnan täyte'
SET SFA20 'Kahden pinnan täyte'
SET SFA30 'Kolmen tai useamman pinnan täyte'
SET SFA40 'Hammasterä tai hammaskruunu'
SET SFB 'Paikkaushoito epäsuoralla menetelmällä'
SET SFB10 'Suun ulkopuolella valmistettu yhden pinnan täyte'
SET SFB20 'Suun ulkopuolella valmistettu kahden pinnan täyte'
SET SFB30 'Suun ulkopuolella valmistettu kolmen pinnan täyte'
SET SFB40 'Suun ulkopuolella valmistettu neljän pinnan täyte'
SET SFC 'Paikkaushoidon tukitoimenpiteet'
SET SFC00 'Alustäytepilari'
SET SFC01 'Paikkaushoidon tukitoimenpide'
SET SFC92 'Muu vaativa paikkaushoidon tukitoimenpide'
SET SFD 'Vaiheittainen  karieksen poisto'
SET SFD10 'Vaiheittainen karieksen poisto, yksi hammaspinta'
SET SFD11 'Vaiheittainen karieksen poisto, vähintään kaksi hammaspintaa'
SET SFE 'Hampaiston kariessaneeraus'
SET SFE01 'Kariessaneeraus'
SET SFE02 'Kariessaneeraus, laaja'
SET SG 'Hampaan juurenhoito'
SET SGA 'Hampaan juurikanavien avaus ja laajennus'
SET SGA01 'Hampaan ensiapuluonteinen avaus'
SET SGA02 'Hampaan juurikanavien avaus ja laajennus'
SET SGA03 'Hampaan juurikanavien avaus ja laajennus, vaativa'
SET SGA04 'Hampaan juurikanavien avaus ja laajennus, erittäin vaativa'
SET SGA05 'Hampaan juurikanavien  avaus ja laajennus, erittäin vaativa ja pitkäkestoinen'
SET SGA06 'Vierasesineen poisto hampaan juurikanavasta'
SET SGA07 'Vierasesineen poisto hampaan juurikanavasta,vaativa'
SET SGB 'Hampaan juurentäyttö'
SET SGB00 'Osittainen hammasytimen poisto'
SET SGB10 'Hampaan juurentäyttö, 1-juurikanavainen hammas'
SET SGB20 'Hampaan juurentäyttö, 2-juurikanavainen hammas'
SET SGB30 'Muu vaativa juurentäyttö'
SET SGC 'Muut hampaan juurenhoitotoimenpiteet'
SET SGC00 'Juurikanavien lääkehoito'
SET SGC10 'Hammasytimen (pulpan) kattaminen'
SET SGC15 'Hammasytimen (pulpan) välitön kattaminen'
SET SGC15  'Hammasytimen (pulpan) välitön kattaminen'
SET SGC20 'Hampaan juurikanavaperforaation tai sisäisen resorption korjaus juurikanavan kautta'
SET SGC30 'Hampaan juurikanavaperforaation tai sisäisen resorption korjaus juurikanavan kautta, vaativa'
SET SGC40 'Hammaskruunun restaurointi juurenhoitoa varten tai muu vastaava juurenhoidon tukitoimenpide'
SET SGC50 'Hampaan avoimen juurenkärjen sulkeminen'
SET SGD 'Juurihoidetun hampaan valkaisutoimenpiteet'
SET SGD00 'Juurihoidetun hampaan terän sisäinen valkaisu'
SET SGD01 'Juurihoidetun hampaan terän sisäisen valkaisun jatkohoito'
SET SH 'Purentafysiologia'
SET SHA 'Purentafysiologinen hoitokäynti'
SET SHA01 'Purentafysiologinen hoitokäynti, suppea'
SET SHA02 'Purentafysiologinen hoitokäynti'
SET SHA03 'Purentafysiologinen hoitokäynti, vaativa'
SET SHA04 'Purentafysiologinen hoitokäynti, erittäin vaativa'
SET SHB 'Purentakisko'
SET SHB00 'Purentakiskon valmistus ja suuhun sovitus'
SET SHC 'Purennan korotus'
SET SHC01 'Purennan korottaminen, suppea'
SET SHC02 'Purennan korottaminen'
SET SHC03 'Purennan korottaminen, laaja'
SET SHD 'Purentatason alapuolelle jääneen hampaan korottaminen'
SET SHD01 'Purentatason alapuolelle jääneen hampaan korottaminen paikka-aineella'
SET SJ 'Oikomishoito'
SET SJA 'Oikomishoidon suunnittelu'
SET SJA01 'Oikomishoidon tarpeen arviointi'
SET SJA02 'Oikomishoidon työsuunnittelu'
SET SJA03 'Vaativa oikomishoidon työsuunnittelu'
SET SJA04 'Erittäin vaativa oikomishoidon työsuunnittelu'
SET SJB 'Oikomishoito irtokojeilla'
SET SJB00 'Irtokojeen sovitus ja käytön opetus'
SET SJB10 'Vaativa irtokojeen sovitus ja käytön opetus'
SET SJB30 'Ekstraoraalivetojärjestelyt ja käytön opetus, irtokoje'
SET SJB60 'Irtokojeen hionnat ja säätö'
SET SJC 'Oikomishoito kiinteillä kojeilla'
SET SJC00 'Etsattava tai muu vastaava kiinnike'
SET SJC01 'Yksittäisen kiinnikkeen paikan määritys ja etsauskiinnitys (Etsattava tai muu vastaava kiinnike)'
SET SJC02 'Kiinnikkeiden paikan määritys ja etsauskiinnitys'
SET SJC03 'Kiinnikkeiden paikan määritys ja etsauskiinnitys, laaja'
SET SJC05 'Etsattava vaativa kiinnike'
SET SJC10 'Rengaskiinnike / hammas'
SET SJC20 'Ekstraoraalivetojärjestelyt ja käytön opetus, kiinteä koje'
SET SJC40 'Kiinteän oikomiskojeen purkaminen, suppea'
SET SJC50 'Kiinteän oikomiskojeen purkaminen'
SET SJD 'Oikomiskojeen kaaret'
SET SJD00 'Kiinteän oikomiskojeen kaaren irroitus ja/tai uudelleen aktivointi ja kiinnitys'
SET SJD10 'Kiinteän oikomiskojeen kaari'
SET SJD20 'Muotoiltava kiinteän oikomiskojeen kaari'
SET SJD30 'Vaativa kiinteän oikomiskojeen kaari'
SET SJD40 'Tehdas- tai laboratoriovalmisteisen  palatinaali- tai linguaalikaaren etsauskiinnitys tai sementointi'
SET SJD50 'Hammaslääkärin tekemä palatinaali- tai linguaalikaari'
SET SJE 'Oikomishoitoon liittyvä hionta'
SET SJE01 'Suppea hampaiston oikomishoitoon liittyvä hionta'
SET SJE02 'Hampaiston oikomishoitoon liittyvä hionta'
SET SJE03 'Vaativa hampaiston oikomishoitoon liittyvä hionta'
SET SJE90 'Hampaiston oikomishoidon viimeistely'
SET SJF 'Oikomishoidon tarpeen arviointi'
SET SJF01 'Oikomishoidon tarpeen arviointi'
SET SJF02 'Oikomishoidon seulontakäynti'
SET SJX 'Muu oikomishoito'
SET SJX00 'Hammaslääkärin tekemä oikomiskojeen korjaus'
SET SJX10 'Hampaiston oikomishoitoon liittyvä lyhyt hoito- tai kontrollikäynti'
SET SJX11 'Hampaiston oikomishoitoon liittyvä hoitotoimenpide tai kontrolli, suppea'
SET SJX20 'Hampaiston oikomishoitoon liittyvä hoito- tai kontrollikäynti'
SET SJX21 'Hampaiston oikomishoitoon liittyvä hoitotoimenpide tai kontrolli'
SET SP 'Hammasprotetiikka'
SET SPA 'Hammasprotetiikkaa valmistelevat toimenpiteet'
SET SPA00 'Hampaiston muotoilu proteettista työtä varten'
SET SPA01 'Hampaiston preproteettiset toimenpiteet'
SET SPA02 'Hammasprotetiikkaan liittyvät valmistelutyöt'
SET SPA05 'Ohjauskisko'
SET SPA06 'Hammasproteettiseen toimenpiteeseen liittyvän ohjauskiskon valmistus'
SET SPA07 'Hammasproteettiseen toimenpiteeseen liittyvän ohjauskiskon valmistus, vaativa'
SET SPA10 'Tarkkuuskiinnikkeet hampaisiin, implantteihin tai  implanttikiskorakenteisiin'
SET SPA11 'Tarkkuuskiinnikkeet hampaisiin, hammasimplantteihin tai implanttikiskorakenteisiin'
SET SPA12 'Tarkkuuskiinnikkeet hampaisiin, hammasimplantteihin tai implanttikiskorakenteisiin, vaativa'
SET SPA20 'Implanttijatkeen valinta ja asettaminen'
SET SPA21 'Hammasimplanttijatkeen asettaminen'
SET SPA22 'Hammasimplanttijatkeen asettaminen, vaativa'
SET SPA23 'Hammasimplanttijatkeen asettaminen, laaja ja erittäin vaativa'
SET SPA30 'Yksittäisen hammaskruunu- ja siltapilarin tai nastakruunun hionta'
SET SPA31 'Parapulpaalinastan upotus'
SET SPA40 'Hammasproteettinen tarkkuusjäljennös'
SET SPA41 'Tarkkuusjäljentäminen kiinteää hammasprotetiikkaa varten'
SET SPA45 'Hammasproteettinen tarkkuusjäljennös, vaativa'
SET SPA46 'Hammasproteettinen tarkkuusjäljennös, erittäin vaativa'
SET SPA47 'Tarkkuusjäljentäminen irrotettavaa hammasproteesia varten'
SET SPA48 'Tarkkuusjäljentäminen irrotettavaa hammasproteesia varten, vaativa'
SET SPA50 'Purennan ja hammaskaarten aseman määritys'
SET SPA51 'Purennan ja hammaskaarten aseman määritys, vaativa'
SET SPA52 'Purennan ja hammaskaarten aseman määritys, erittäin vaativa'
SET SPA55 'Purennan ja hammaskaarten aseman määritys'
SET SPA56 'Hampaattoman suun purennan ja hammaskaarten määritys'
SET SPA57 'Hampaattoman suun purennan ja hammaskaarten määritys, vaativa'
SET SPA60 'Hammasproteettisen rakenteen välivaiheiden sovitus, 1-3 yksikköä'
SET SPA61 'Hammasproteettisen rakenteen välivaiheiden sovitus, 4-6 yksikköä'
SET SPA62 'Hammasproteettisen rakenteen välivaiheiden sovitus, 7 tai useampia yksiköitä'
SET SPB 'Hammasprotetiikan tilapäiset rakenteet'
SET SPB00 'Tilapäinen tehdasvalmisteinen hammaskruunu'
SET SPB01 'Tilapäisen tehdas- tai hammaslaboratoriovalmisteisen hammas- tai implanttikantoisen rakenteen sovitus ja väliaikainen kiinnittäminen, 1-3 yksikköä'
SET SPB02 'Tilapäisen tehdas- tai hammaslaboratoriovalmisteisen hammas- tai implanttikantoisen rakenteen sovitus ja väliaikainen kiinnittäminen, 4 tai useampia yksiköitä'
SET SPB05 'Tilapäinen tehdas- tai hammaslaboratoriovalmisteinen hammas- tai implanttikruunu tai siltayksikkö'
SET SPB06 'Tilapäisen vastaanotolla tehtävän hammas- tai implanttikantoisen kruunun tai siltayksikön valmistaminen'
SET SPB07 'Tilapäinen irrotettava hammasproteesi'
SET SPB10 'Tilapäisen hammaskruunun valmistaminen vastaanotolla'
SET SPB11 'Tilapäisen vastaanotolla tehtävän hammas- tai implanttikantoisen rakenteen valmistaminen ja väliaikainen kiinnittäminen, 1-3 yksikköä'
SET SPB12 'Tilapäisen vastaanotolla tehtävän hammas- tai implanttikantoisen rakenteen valmistaminen ja väliaikainen kiinnittäminen, 4-6 yksikköä'
SET SPB13 'Tilapäisen vastaanotolla tehtävän hammas- tai implanttikantoisen rakenteen valmistaminen ja väliaikainen kiinnittäminen, 7 tai useampia yksiköitä'
SET SPB15 'Tilapäinen hammasimplanttikruunu'
SET SPB20 'Tilapäinen hammassilta, yksittäinen siltayksikkö'
SET SPB25 'Tilapäinen implanttihammassilta, kaksi implanttia'
SET SPB28 'Tilapäinen implanttihammassilta, hampaaton leuka'
SET SPB30 'Tilapäinen hammasosaproteesi'
SET SPC 'VALMIIT, KIINTEÄT HAMMASPROTEETTISET RAKENTEET'
SET SPC01 'Kiinteä hammaskruunu, yksin tai osana isompaa rakennetta '
SET SPC02 'Valmis kiinteä hammasproteettinen rakenne, 4-6 yksikköä'
SET SPC03 'Valmis kiinteä hammasproteettinen rakenne, 7 tai useampia yksiköitä'
SET SPC05 'Kiinteä hammaskruunu, vaativa'
SET SPC06 'Kiinteä hammassillan väliosa tai sillan tai kruunun ulokeosa '
SET SPC07 'Kiinteä nastapilari'
SET SPC08 'Implanttikruunu'
SET SPC09 'Implanttikruunu, vaativa'
SET SPC10 'Tavallinen hammaskruunu'
SET SPC11 'Kiinteä implanttisillan väliosa tai implanttisillan tai -kruunun ulokeosa'
SET SPC20 'Implanttikantoinen hammaskruunu'
SET SPC25 'Muu vaativa hammaskruunu'
SET SPC30 'Pintakiinnitteinen hammassilta'
SET SPC31 'Suun ulkopuolella valmistettu pintakiinnitteinen hammassilta'
SET SPC32 'Suun ulkopuolella valmistettu pintakiinnitteinen hammassilta, vaativa'
SET SPC35 'Vastaanotolla valmistettu kuitulujitteinen hammassilta'
SET SPC36 'Suoralla menetelmällä valmistettu kuitulujitteinen hammassilta'
SET SPC37 'Suoralla menetelmällä valmistettu kuitulujitteinen hammassilta, vaativa'
SET SPC40 'Hammasillan 1. tai 2. välihammas'
SET SPC45 'Sillan 3. tai sitä seuraava välihammas'
SET SPC50 'Nastapilari'
SET SPC60 'Parapulpaalinastan upotus'
SET SPD 'Valmiit hammasprotetiikan irrotettavat kokoproteesit'
SET SPD00 'Limakalvokantoinen hammaskokoproteesi'
SET SPD01 'Limakalvokantoinen hammaskokoproteesi'
SET SPD03 'Implanttikiinnitteinen hammaskokoproteesi'
SET SPD04 'Implanttikiinnitteinen hammaskokoproteesi, vaativa'
SET SPD05 'Vaativa limakalvokantoinen hammaskokoproteesi'
SET SPD10 'Implantti- ja limakalvokantoinen hammaskokoproteesi'
SET SPD20 'Implanttikantoinen kokoproteesi'
SET SPE 'VALMIIT HAMMASPROTETIIKAN IRROTETTAVAT OSAPROTEESIT'
SET SPE00 'Metallirunkoinen osaproteesi'
SET SPE01 'Limakalvokantoinen hammasosaproteesi'
SET SPE02 'Metallirunkoinen hammasosaproteesi'
SET SPE03 'Implanttikiinnitteinen hammasosaproteesi'
SET SPE05 'Vaativa metallirunkoinen osaproteesi'
SET SPE10 'Implanttikantoinen osaproteesi'
SET SPE90 'Muu hampaiston osaproteesi'
SET SPF 'Hammas- ja implanttiproteettiset korjaustoimenpiteet'
SET SPF00 'Hammasproteesin korjaus ilman jäljennöstä'
SET SPF02 'Jäljentäminen hammasproteesirakenteen korjausta varten, suppea'
SET SPF03 'Jäljentäminen hammasproteesirakenteen korjausta varten, vaativa'
SET SPF10 'Vaativa proteesin korjaus'
SET SPF11 'Hammasproteesin suuhun sovitus'
SET SPF12 'Hammasproteesin suuhun sovitus irtoproteesin korjauksen yhteydessä'
SET SPF13 'Hammasproteesin suuhun sovitus irtoproteesin pohjauksen yhteydessä'
SET SPF20 'Väliaikainen pohjaus'
SET SPF30 'Hammasproteesin pohjaus'
SET SPF31 'Hammasproteesin pohjaus'
SET SPF35 'Hammasproteesin pohjaus, vaativa'
SET SPF40 'Hammaskruunun tai pienen sillan irrottaminen ja uudelleen sementointi'
SET SPF41 'Hammaskruunun, -sillan tai implanttirakenteen korjaus, tavanomainen'
SET SPF42 'Hammaskruunun, -sillan tai implanttirakenteen korjaus, vaativa'
SET SPF43 'Hammaskruunun, -sillan tai implanttirakenteen korjaus, erittäin vaativa'
SET SPF50 'Hammassillan irrottaminen, korjaus ja uudelleen sementointi'
SET SPF60 'Fasadin korjaus'
SET SPF61 'Hammasproteesin fasadin korjaus, tavanomainen'
SET SPF62 'Hammasproteesin fasadin korjaus, vaativa'
SET SPF63 'Hammasproteesin fasadin kiinnitys'
SET SPF80 'Hammasproteesin erityiskiinnikkeiden korjaus ja aktivointi'
SET SPG 'Suun ja kasvojen alueen erityisproteesit'
SET SPG00 'Alaleuan hampaiston erityisproteesi'
SET SPG01 'Suun hoitolevy, tavanomainen'
SET SPG02 'Suun hoitolevy, vaativa'
SET SPG03 'Kasvojen ja suun alueen erityisproteesi'
SET SPG04 'Kasvojen ja suun alueen erityisproteesi, vaativa'
SET SPG05 'Kasvojen ja suun alueen erityisproteesi, erittäin vaativa'
SET SPG06 'Suun alueen erityisproteesi'
SET SPG07 'Suun ja kasvojen alueen erityisproteesi'
SET SPG10 'Yläleuan erityisproteesi'
SET SPG15 'Yläleuan vaativa erityisproteesi'
SET SX 'Muut suun ja hampaiden hoidon toimenpiteet'
SET SXA00 'Märkivän hampaan avaus'
SET SXA10 'Suun alueen limakalvonäytteen otto'
SET SXA20 'Suun alueen paikallinen lääkehoito'
SET SXB00 'Suun alueen limakalvo-ompeleiden poisto'
SET SXB10 'Kiinnityksen tai kiskotuksen purkaminen'
SET SXC 'Suun alueen muut toimenpiteet'
SET SXC02 'Suun ja hampaiston muu toimenpide, suppea'
SET SXC03 'Suun ja hampaiston muu toimenpide'
SET SXC04 'Suun ja hampaiston muu toimenpide, laaja'
SET SXC05 'Suun ja hampaiston muu toimenpide'
SET SXC06 'Uniapneakiskon valmistamiseen liittyvä kliininen työ'
SET TEA00 'Koepalan otto huulesta'
SET TEA10 'Neulakudosnäytteen otto huulesta'
SET TEB00 'Hampaan kruunuttaminen'
SET TEB10 'Hampaantäyttö suoralla menetelmällä'
SET TEB20 'Hampaantäyttö epäsuoralla menetelmällä'
SET TEB30 'Hampaan juurihoito'
SET TEB40 'Märkivän hampaan aukaisu'
SET TEC00 'Neulakudosnäytteen otto ikenestä'
SET TED00 'Leukanivelen sijoiltaanmenon paikoilleen asettaminen'
SET TED10 'Neulakudosnäytteen otto alaleuasta'
SET TEE00 'Neulakudosnäytteen otto yläleuasta'
SET TEG00 'Leukanivelpunktio'
SET TEH00 'Neulakudosnäytteen otto suulaesta'
SET TEJ00 'Neulakudosnäytteen otto suunpohjasta'
SET TEL00 'Neulakudosnäytteen otto sylkirauhasesta'
SET TEL40 'Sylkirauhastiehyen aukaisu koettimella'
SET TEM00 'Neulakudosnäytteen otto nielu- tai kitarisasta'
SET TEN00 'Neulakudosnäytteen otto nielusta'
SET TEW99 'Muu hampaiden, ikenien, suun ja nielun pientoimenpide'
SET TQW30 'Akupunktio'
SET W 'Muut ja useisiin elinjärjestelmiin kohdistuvat toimenpiteet'
SET WX 'Anestesia, hengityksen tuki ja elvytys'
SET WX0 'Ei anestesiaa'
SET WX001 'Sedaatio tai kivunlievitys ilman lääkettä'
SET WX002 'Sedaatio tai kivunlievitys ilman anestesiaa'
SET WX003 'Sedaatio tai kivunlievitys suun kautta, peräsuoleen tai lihakseen ilman yleisanestesiaa'
SET WX005 'Inhaloitava sedaatio tai kivun lievitys ilman yleisanestesiaa'
SET WX1 'Paikalliset puudutukset'
SET WX105 'Pintapuudutus iholle tai limakalvolle'
SET WX110 'Infiltraatiopuudutus'
SET WX2 'Johtopuudutukset'
SET WX290 'Muu johtopuudutus'
SET WY 'Käyntityypit'
SET WYA00 'Seulonta tai terveystarkastus'
SET WYA01 'Suunhoito valmis, seuraava tutkimus tai terveystarkastus vuoden kuluttua'
SET WYA02 'Suunhoito valmis, seuraava tutkimus tai terveystarkastus kahden vuoden kuluttua'
SET WYA03 'Suunhoito valmis, seuraava tutkimus tai terveystarkastus kolmen vuoden kuluttua'
SET WYA05 'Ensiapuluontoinen tai muu vastaava käynti, jolla tehdään toimenpiteitä'
SET WYA10 'Ensiapuluontoinen tai muu vastaava käynti'
SET WYA20 'Käynti potilaan luona'
SET WYA30 'Erityisjärjestelyitä vaativan potilaan hoito'
SET WYA40 'Suun terveydentilan ja hoidon tarpeen arvio ensimmäistä lasta odottavalle perheelle'
SET WYA50 'Opiskelijalle tehtävä asetuksen mukainen suun terveystarkastus, jossa selvitetään suun terveysneuvonnan ja palvelujen tarve'
SET WYA60 'Kiireelliseen suunhoidon tarpeeseen liittyvä käynti'
SET WZ 'Todistukset, lääkemääräykset, konsultaatiot ja lausunnot'
SET WZA00 'Suppea todistus'
SET WZA10 'Laaja todistus'
SET WZA90 'Muu lääkärin tai hammaslääkärin todistus'
SET WZB00 'Puhelimitse annettu hoito-ohje ja mahdollinen resepti'
SET WZC00 'Hoidon suunnittelu tai konsultaatio'
SET WZC05 'Hammaslääkärin tai lääkärin lähetteeseen perustuva erikoisalakohtainen konsultaatio'
SET WZC10 'Hammaslääkärin tai lääkärin lähetteeseen perustuva laaja erikoisalakohtainen kirjallinen konsultaatio'
SET XDW10 'Sylkirauhasen ultraäänitutkimus'
SET Y 'Elinten ja kudosten irrottaminen siirtoa varten'
SET YEA 'Kudoksen irrottaminen suusta siirtoa varten'
SET YEA00 'Limakalvosiirteen irrottaminen suusta'
SET YEA05 'Ien- tai sidekudossiirteen irrotus'
SET YNA 'Tukikudosten irrottaminen siirrossa käytettäväksi'
SET YNA09 'Luun irrottaminen luunsiirtoa varten, ei tarkempaa määrittelyä'
